label,count,mean,std,min,25%,50%,75%,max,zero_transcripts
24dash,626.0,69.73162939297124,93.58713513074771,0.0,0.0,0.0,162.0,299.0,0.5686900958466453
A World to Win blogs,626.0,2.47444089456869,26.042368281070384,0.0,0.0,0.0,0.0,528.0,0.8706070287539937
Agra-net.com,626.0,22.988817891373802,52.56083594046411,0.0,0.0,0.0,4.75,213.0,0.7140575079872205
Al-Sharq al-Awsat,626.0,56.98402555910543,61.73685888032323,0.0,0.0,7.5,127.0,166.0,0.4792332268370607
Alliance for Workers' Liberty,626.0,2.8450479233226837,9.528229186879358,0.0,0.0,0.0,1.0,67.0,0.6677316293929713
Ananova,626.0,138.80670926517573,179.27785635407886,0.0,0.0,0.0,362.75,434.0,0.5846645367412141
Andover Advertiser,626.0,12.044728434504792,15.888549215272432,0.0,0.0,4.5,19.0,81.0,0.4696485623003195
Ayrshire Post,626.0,14.699680511182109,32.854334020000515,0.0,0.0,0.0,9.0,168.0,0.6789137380191693
BBC News,626.0,192.92651757188497,321.6841895270784,0.0,8.0,36.0,153.5,1506.0,0.03194888178913738
Bakery and Snacks,626.0,6.0814696485623,8.700422522882283,0.0,0.0,0.0,13.0,46.0,0.6150159744408946
Ballyclare Gazette,626.0,1.9904153354632588,2.9540324959655484,0.0,0.0,0.0,4.0,16.0,0.6405750798722045
Ballymena Times,626.0,6.9297124600638975,11.224466658028277,0.0,0.0,0.0,14.0,72.0,0.6261980830670927
Ballymoney Today,626.0,40.947284345047926,193.99387726578752,0.0,0.0,0.0,24.0,1517.0,0.634185303514377
Banbridge Leader,626.0,55.608626198083066,221.4473810670825,0.0,0.0,0.0,29.0,1513.0,0.5654952076677316
Banbury Guardian,626.0,59.56869009584665,115.77847500343665,0.0,0.0,0.0,34.0,923.0,0.6134185303514377
Barking and Dagenham Post,626.0,9.89297124600639,16.49134701950001,0.0,0.0,0.0,20.0,68.0,0.6916932907348243
Barnet Times,626.0,53.60223642172524,135.5985012121831,0.0,0.0,0.0,39.0,738.0,0.634185303514377
Barnsley Chronicle,626.0,6.354632587859425,8.61248132101268,0.0,0.0,0.0,10.0,48.0,0.5079872204472844
Basingstoke Gazette,626.0,40.343450479233226,54.86252138787593,0.0,0.0,29.0,47.0,344.0,0.38817891373801916
Beccles and Bungay Journal,626.0,9.562300319488818,17.165550164794134,0.0,0.0,0.0,20.0,86.0,0.7012779552715654
Bedford Times and Citizen,626.0,39.480830670926515,51.15226321433766,0.0,0.0,0.0,87.75,272.0,0.5047923322683706
Belfast Media,626.0,72.25399361022365,268.535151114385,0.0,0.0,0.0,25.0,3540.0,0.6485623003194888
Belfast Telegraph,626.0,421.59424920127793,501.121300986972,0.0,0.0,15.5,779.0,1746.0,0.48242811501597443
Belfast Today,626.0,5.725239616613418,19.676452575159274,0.0,0.0,0.0,0.0,127.0,0.9121405750798722
Berwick Today,626.0,10.696485623003195,15.740919021117952,0.0,0.0,0.0,18.0,100.0,0.5686900958466453
Bexhill Observer,626.0,29.12779552715655,53.29984279688379,0.0,0.0,0.0,39.0,275.0,0.5702875399361023
Birmingham Mail,626.0,128.70127795527156,196.04224499419558,0.0,0.0,0.0,187.0,685.0,0.5591054313099042
Bishop's Stortford Citizen,626.0,32.14057507987221,165.06040411627723,0.0,0.0,0.0,0.0,1188.0,0.854632587859425
Blackburn Citizen,626.0,57.843450479233226,76.375039463395,0.0,0.0,36.0,79.0,327.0,0.4472843450479233
Blackpool Citizen,626.0,18.563897763578275,44.39243077984276,0.0,0.0,0.5,9.75,245.0,0.5
Blackpool Today,626.0,21.345047923322685,41.49119366127829,0.0,0.0,0.0,12.25,244.0,0.7476038338658147
Bognor Today,626.0,34.77476038338658,47.69203273024218,0.0,0.0,7.0,57.0,206.0,0.48242811501597443
Bolton News,626.0,148.3258785942492,201.44751185662938,0.0,0.0,1.0,281.25,710.0,0.48881789137380194
Border Telegraph,626.0,2.8274760383386583,4.0432397726853795,0.0,0.0,0.0,4.0,35.0,0.5271565495207667
Borehamwood and Elstree Times,626.0,107.23642172523962,197.5582425902181,0.0,0.0,14.5,47.0,682.0,0.43450479233226835
Boston Standard,626.0,20.56070287539936,52.24030923784023,0.0,0.0,0.0,21.0,333.0,0.6198083067092651
Bournemouth Daily Echo,626.0,11.741214057507987,39.82594283483702,0.0,0.0,0.0,0.0,365.0,0.8738019169329073
Bracknell Times,626.0,16.027156549520768,34.774025670633144,0.0,0.0,0.0,10.0,155.0,0.6150159744408946
Bradford Telegraph & Argus,626.0,24.129392971246006,80.88028208822547,0.0,0.0,0.0,0.0,695.0,0.8594249201277955
Brechin Today,626.0,30.271565495207668,176.23781130672643,0.0,0.0,0.0,5.0,1456.0,0.5463258785942492
Brighton Evening Argus,626.0,14.549520766773163,56.48406451177153,0.0,0.0,0.0,0.0,618.0,0.8817891373801917
Bromley Times,626.0,4.519169329073482,9.024257972203687,0.0,0.0,0.0,0.0,46.0,0.7667731629392971
Buckingham Today,626.0,71.28115015974441,229.31086504593503,0.0,0.0,0.0,33.0,1083.0,0.6054313099041534
Bucks Free Press,626.0,9.896166134185304,26.131551834476944,0.0,0.0,0.0,0.0,163.0,0.8274760383386581
Bucks Herald,626.0,21.12779552715655,34.611715389048896,0.0,0.0,0.0,27.0,185.0,0.5031948881789138
Burnley Express,626.0,17.85143769968051,26.82122096269505,0.0,0.0,0.0,34.0,298.0,0.5559105431309904
Bury Free Press,626.0,24.185303514376997,29.477001334391726,0.0,0.0,0.0,49.75,172.0,0.512779552715655
Bury Times,626.0,73.87859424920129,144.08655605940723,0.0,0.0,2.0,46.0,568.0,0.48881789137380194
Business Weekly - UK,626.0,2.3722044728434506,7.218008185955733,0.0,0.0,0.0,0.0,49.0,0.8498402555910544
Buxton Advertiser,626.0,189.70766773162939,358.1590518262966,0.0,0.0,0.0,57.0,1151.0,0.5670926517571885
Cambridge Evening News,626.0,63.073482428115014,91.91638478363524,0.0,0.0,0.0,132.25,378.0,0.5031948881789138
Cambs Times,626.0,20.380191693290733,28.47757052494463,0.0,0.0,7.0,33.0,195.0,0.4536741214057508
Chard & Ilminster News,626.0,20.238019169329075,25.667583762988517,0.0,0.0,3.5,43.0,106.0,0.4840255591054313
Cheshire Online,626.0,87.19968051118211,141.18974489635485,0.0,0.0,0.0,148.0,443.0,0.6309904153354633
Chester Evening Leader,626.0,3.515974440894569,12.769986077085038,0.0,0.0,0.0,0.0,139.0,0.9057507987220448
Chester Standard,626.0,41.5111821086262,80.22634401965718,0.0,0.0,7.0,51.0,438.0,0.48242811501597443
Chichester Observer,626.0,41.52396166134185,62.51392344846169,0.0,0.0,0.0,70.75,241.0,0.5846645367412141
Chingford Guardian,626.0,9.39776357827476,27.816195480158953,0.0,0.0,0.0,0.0,155.0,0.8865814696485623
Chorley Citizen,626.0,33.426517571884986,73.56981032796871,0.0,0.0,7.0,36.0,473.0,0.43929712460063897
Clitheroe Today,626.0,4.6629392971246,13.436182802667924,0.0,0.0,0.0,0.0,143.0,0.8498402555910544
Colchester Daily Gazette,626.0,44.980830670926515,92.71530419487866,0.0,0.0,0.0,0.0,498.0,0.7635782747603834
Cornish Guardian,626.0,27.110223642172524,84.47105439918401,0.0,0.0,0.0,0.0,554.0,0.7939297124600639
Country Life,626.0,4.512779552715655,7.89859711731933,0.0,0.0,0.0,7.75,39.0,0.6661341853035144
County Times,626.0,2.5399361022364215,6.197483566409075,0.0,0.0,0.0,1.0,60.0,0.7476038338658147
Coventry Telegraph,626.0,38.66773162939297,83.0529169932415,0.0,0.0,0.0,49.75,395.0,0.7044728434504792
Crawley Observer,626.0,25.2555910543131,41.11846505756381,0.0,0.0,0.0,46.0,362.0,0.5591054313099042
Croydon Guardian,626.0,30.864217252396166,37.447209956768816,0.0,0.0,22.5,47.0,155.0,0.4472843450479233
Cumberland & Westmorland Herald,626.0,3.4089456869009584,3.8589760101152955,0.0,0.0,2.0,6.75,22.0,0.48881789137380194
Daily Express,626.0,31.399361022364218,88.03755707418881,0.0,0.0,0.0,25.0,728.0,0.6293929712460063
Daily Post,626.0,105.814696485623,171.787824969256,0.0,0.0,0.0,165.75,615.0,0.6070287539936102
Daily Record,626.0,82.31629392971246,154.67450920589036,0.0,0.0,0.0,77.25,727.0,0.7268370607028753
Darlington & Stockton Times,626.0,35.43130990415335,79.43135447744427,0.0,0.0,0.0,43.0,520.0,0.6309904153354633
Derby Evening Telegraph,626.0,34.519169329073485,118.91003839856786,0.0,0.0,0.0,0.0,963.0,0.8801916932907349
Derbyshire Times,626.0,7.348242811501597,16.80057537429442,0.0,0.0,0.0,0.0,98.0,0.8067092651757188
Derry Journal,626.0,5.140575079872204,18.613785402995113,0.0,0.0,0.0,0.0,161.0,0.8833865814696485
Diss Mercury,626.0,6.531948881789138,10.546799402462472,0.0,0.0,0.0,13.75,52.0,0.645367412140575
Doncaster Free Press,626.0,14.942492012779553,58.74841178738313,0.0,0.0,0.0,16.0,1059.0,0.7028753993610224
Donegal News,626.0,3.8753993610223643,16.467387462504657,0.0,0.0,0.0,0.0,201.0,0.9313099041533547
Driffield Times & Post,626.0,10.282747603833865,21.93805656567131,0.0,0.0,0.0,1.0,93.0,0.7396166134185304
Dromore Leader,626.0,2.7156549520766773,6.081234951089411,0.0,0.0,0.0,0.0,48.0,0.7635782747603834
Dunmow Broadcast,626.0,1.976038338658147,5.809046816830434,0.0,0.0,0.0,0.0,39.0,0.8562300319488818
EUbusiness,626.0,10.391373801916933,29.288007468410147,0.0,0.0,0.0,0.0,194.0,0.8322683706070287
Ealing Times,626.0,6.931309904153355,16.08547400984521,0.0,0.0,0.0,3.0,147.0,0.6565495207667732
East Anglian Daily Times,626.0,29.677316293929714,58.68817690664958,0.0,0.0,0.0,0.0,215.0,0.7811501597444089
East Lothian Courier,626.0,8.383386581469649,16.36376422320719,0.0,0.0,0.0,14.0,116.0,0.6277955271565495
Eastbourne Herald,626.0,15.707667731629392,31.833856271457616,0.0,0.0,0.0,0.0,226.0,0.7763578274760383
Eastern Daily Press,626.0,44.5814696485623,93.336692420916,0.0,0.0,0.0,0.0,538.0,0.7699680511182109
Eastwood Advertiser,626.0,31.226837060702877,59.21396847551942,0.0,0.0,0.0,17.0,194.0,0.6932907348242812
Echo - Essex News and Sports,626.0,42.36741214057508,65.51015182650906,0.0,0.0,0.0,76.0,268.0,0.5910543130990416
Edgware & Mill Hill Times,626.0,22.777955271565496,44.04394416094449,0.0,0.0,0.0,37.0,278.0,0.7188498402555911
Ely Standard,626.0,8.803514376996805,15.97031407422512,0.0,0.0,0.0,14.0,150.0,0.5846645367412141
Environmental Agency UK,626.0,2.4185303514377,6.135580826350291,0.0,0.0,0.0,0.0,41.0,0.8115015974440895
Epping Forest Guardian,626.0,9.343450479233226,27.592728263713678,0.0,0.0,0.0,0.0,151.0,0.8865814696485623
Epsom Guardian,626.0,19.82747603833866,44.11638004029144,0.0,0.0,0.0,17.0,386.0,0.5846645367412141
Essex Chronicle,626.0,11.541533546325878,35.69200291668251,0.0,0.0,0.0,0.0,196.0,0.8130990415335463
Evening Gazette,626.0,18.538338658146966,54.09502128473126,0.0,0.0,0.0,0.0,265.0,0.8865814696485623
Evening Star (Ipswich),626.0,64.31629392971246,89.71463536170154,0.0,0.0,0.0,133.0,304.0,0.5575079872204473
Evening Telegraph,626.0,9.338658146964857,17.04808280002621,0.0,0.0,0.0,0.0,59.0,0.7587859424920128
Express and Star,626.0,48.73801916932907,94.52152377226064,0.0,0.0,0.0,42.5,326.0,0.7044728434504792
Farmers Guardian,626.0,30.79073482428115,48.27652988791934,0.0,0.0,0.0,49.75,292.0,0.5814696485623003
Farmers Weekly Interactive,626.0,38.50798722044728,58.59032630138048,0.0,0.0,0.0,81.75,262.0,0.5942492012779552
Farming UK,626.0,10.231629392971247,36.789420517056676,0.0,0.0,0.0,0.0,349.0,0.7523961661341853
Food Naviagtor,626.0,4.546325878594249,10.773237697147188,0.0,0.0,0.0,0.0,83.0,0.8067092651757188
Food Navigator,626.0,9.461661341853036,18.420752639225338,0.0,0.0,0.0,11.0,91.0,0.6597444089456869
Fruit Net (UK & Germany),626.0,2.6405750798722045,10.054740525182835,0.0,0.0,0.0,0.0,58.0,0.9265175718849841
Gazette & Herald,626.0,20.52555910543131,40.70042930592871,0.0,0.0,0.0,12.75,228.0,0.6549520766773163
Gazette Live,626.0,30.961661341853034,76.61723127205477,0.0,0.0,0.0,8.0,550.0,0.6357827476038339
Glasgow Evening Times,626.0,11.233226837060704,29.221360649546465,0.0,0.0,0.0,16.0,196.0,0.7172523961661342
Gloucestershire County Gazette,626.0,5.4712460063897765,13.10389147867854,0.0,0.0,0.0,0.0,85.0,0.7843450479233227
Google News,626.0,11.934504792332268,31.94561164721028,0.0,0.0,0.0,7.0,244.0,0.6373801916932907
Grantham Today,626.0,21.690095846645367,45.58697846700085,0.0,0.0,0.0,38.75,331.0,0.670926517571885
Great Yarmouth Mercury 24,626.0,11.198083067092652,28.39440614486397,0.0,0.0,0.0,0.0,124.0,0.8498402555910544
Grimsby Telegraph,626.0,5.321086261980831,17.979297501797642,0.0,0.0,0.0,0.0,147.0,0.8785942492012779
Guardian Series,626.0,146.0367412140575,239.01430971371423,0.0,0.0,0.0,196.0,867.0,0.5303514376996805
Hackney Gazette,626.0,7.027156549520766,12.08056543965774,0.0,0.0,0.0,12.75,61.0,0.645367412140575
Hampshire Chronicle,626.0,21.49520766773163,35.41386136806893,0.0,0.0,0.0,39.0,185.0,0.5527156549520766
Hampstead and Highgate Express,626.0,6.047923322683706,9.950482384312389,0.0,0.0,0.0,11.0,50.0,0.6214057507987221
Harborough Mail,626.0,7.2699680511182105,13.214499636345588,0.0,0.0,0.0,14.0,83.0,0.6821086261980831
Haringey Independent,626.0,10.063897763578275,35.0676476334403,0.0,0.0,0.0,0.0,455.0,0.7539936102236422
Harlow Citizen,626.0,2.97444089456869,9.6446952096425,0.0,0.0,0.0,0.0,71.0,0.854632587859425
Harrow Times,626.0,22.575079872204473,47.47342787279649,0.0,0.0,1.0,39.0,511.0,0.4840255591054313
Hartlepool Mail,626.0,56.554313099041536,117.82480997382261,0.0,0.0,0.0,84.25,787.0,0.5670926517571885
Hemel Today,626.0,30.738019169329075,91.22169071131071,0.0,0.0,0.0,39.75,948.0,0.6501597444089456
"Hendon & Finchley, Barnet & Potters bar, and Edgeware & Mills hill Times",626.0,5.039936102236422,17.181664720157663,0.0,0.0,0.0,0.0,161.0,0.7939297124600639
Herald and Post,626.0,42.97444089456869,92.45705243888592,0.0,0.0,0.0,0.0,391.0,0.7651757188498403
Hertferdshire Mercury,626.0,17.686900958466452,29.41206915775521,0.0,0.0,0.0,35.5,102.0,0.6549520766773163
Hexham Courant,626.0,8.814696485623003,18.0337685376,0.0,0.0,0.0,9.0,86.0,0.5431309904153354
Highland News,626.0,7.827476038338658,28.1203518445169,0.0,0.0,0.0,6.0,337.0,0.6821086261980831
Hillingdon Times,626.0,9.900958466453675,27.671150591904777,0.0,0.0,0.0,0.0,151.0,0.8722044728434505
Horncastle News,626.0,58.18849840255591,129.33212907665907,0.0,0.0,0.0,2.0,487.0,0.7204472843450479
Horticulture Week,626.0,2.0399361022364215,10.826929507293862,0.0,0.0,0.0,0.0,88.0,0.9361022364217252
Hucknall Dispatch,626.0,11.900958466453675,22.982980117466756,0.0,0.0,0.0,17.0,133.0,0.6549520766773163
Hull Daily Mail,626.0,29.53514376996805,97.84281048160513,0.0,0.0,0.0,0.0,766.0,0.8769968051118211
Hunts Post,626.0,8.58626198083067,13.209562709070132,0.0,0.0,0.0,15.0,95.0,0.5718849840255591
IC Newcastle,626.0,54.531948881789134,137.46591060199535,0.0,0.0,0.0,26.0,679.0,0.6805111821086262
IC Teesside,626.0,12.118210862619808,30.319347021891254,0.0,0.0,0.0,0.0,126.0,0.8210862619808307
ITN News,626.0,60.61341853035144,115.10714624060034,0.0,0.0,0.0,0.0,372.0,0.7667731629392971
Ilford Recorder,626.0,9.464856230031948,12.909018666780877,0.0,0.0,0.0,21.0,48.0,0.5750798722044729
Ilkeston Advertiser,626.0,8.55111821086262,16.789085226646623,0.0,0.0,0.0,13.75,91.0,0.6869009584664537
Ilkley Gazette,626.0,9.00958466453674,22.045913634667546,0.0,0.0,0.0,14.0,193.0,0.7092651757188498
Impartial Reporter,626.0,3.1645367412140577,13.112806120165429,0.0,0.0,0.0,0.0,85.0,0.9265175718849841
In The News,626.0,58.18210862619808,138.34793957044167,0.0,0.0,0.0,2.0,608.0,0.7252396166134185
Inspire Magazine,626.0,3.9313099041533546,8.404955331315316,0.0,0.0,0.0,0.0,61.0,0.7939297124600639
Insurance Insight,626.0,2.059105431309904,9.563665665343308,0.0,0.0,0.0,0.0,92.0,0.9345047923322684
International Business Times,626.0,135.99840255591053,270.11859617109684,0.0,0.0,0.0,227.75,2036.0,0.7124600638977636
Isle of Wight County Press,626.0,21.30670926517572,35.06234702517414,0.0,0.0,0.0,48.75,146.0,0.6533546325878594
Journal Live,626.0,31.95367412140575,75.99993322680773,0.0,0.0,0.0,30.0,555.0,0.7284345047923323
Kenilworth Weekly News,626.0,14.054313099041533,46.24519267304886,0.0,0.0,0.0,2.0,283.0,0.7412140575079872
Kingston Guardian,626.0,19.623003194888177,43.058974047303884,0.0,0.0,0.0,17.0,341.0,0.6006389776357828
Lancashire Evening Post,626.0,64.68210862619809,99.27493733761095,0.0,0.0,0.0,139.0,428.0,0.6022364217252396
Lancashire Evening Telegraph,626.0,12.758785942492013,60.30119835197063,0.0,0.0,0.0,0.0,524.0,0.9153354632587859
Lancashire Telegraph,626.0,102.92172523961662,163.64103722250965,0.0,0.0,3.0,210.75,814.0,0.43450479233226835
Leamington Observer,626.0,3.829073482428115,8.036985590393433,0.0,0.0,0.0,2.0,69.0,0.7460063897763578
Leicester Mercury,626.0,33.456869009584665,100.84560345766796,0.0,0.0,0.0,0.0,572.0,0.8482428115015974
Leicester Sound,626.0,2.963258785942492,9.499149852661693,0.0,0.0,0.0,0.0,57.0,0.8753993610223643
Leigh Journal,626.0,31.079872204472842,81.11493087110192,0.0,0.0,0.0,26.75,535.0,0.5143769968051118
Lincolnshire Echo,626.0,18.91214057507987,59.72079259663762,0.0,0.0,0.0,0.0,411.0,0.8674121405750799
Lisburn Today,626.0,14.886581469648561,37.30700625425407,0.0,0.0,0.0,1.0,251.0,0.7460063897763578
Liverpool Daily Post,626.0,62.41373801916933,110.53116731024267,0.0,0.0,0.0,0.0,369.0,0.7507987220447284
Liverpool Echo,626.0,53.819488817891376,199.1529446520394,0.0,0.0,0.0,2.0,1341.0,0.7364217252396166
Local London,626.0,21.25399361022364,83.99751058231166,0.0,0.0,0.0,0.0,879.0,0.8402555910543131
London Turkish Gazette,626.0,1.900958466453674,5.21165761345392,0.0,0.0,0.0,0.0,39.0,0.8690095846645367
Louth Leader,626.0,56.712460063897765,104.33412667242872,0.0,0.0,0.0,47.25,314.0,0.7108626198083067
Lurgan Mail,626.0,9.552715654952078,22.74852998796666,0.0,0.0,0.0,11.0,285.0,0.65814696485623
Luton News Herald and Post,626.0,2.437699680511182,13.18884803385284,0.0,0.0,0.0,0.0,111.0,0.9552715654952076
Lynn News,626.0,6.726837060702875,23.275542155228273,0.0,0.0,0.0,0.0,174.0,0.8865814696485623
Manchester Evening News,626.0,57.36261980830671,154.0687985819505,0.0,0.0,0.0,1.75,832.0,0.6789137380191693
Mansfield Today,626.0,11.964856230031948,73.3922200436756,0.0,0.0,0.0,0.0,602.0,0.9616613418530351
Mansfield and Ashfield Chad,626.0,9.26038338658147,27.361419773337413,0.0,0.0,0.0,0.0,282.0,0.8146964856230032
Matlock Mercury,626.0,5.289137380191693,16.094752741645227,0.0,0.0,0.0,0.0,139.0,0.8434504792332268
Melton Times,626.0,9.408945686900958,22.41182937304863,0.0,0.0,0.0,0.0,125.0,0.7955271565495208
Metro - London,626.0,69.44249201277955,180.40682217571467,0.0,0.0,0.0,2.0,820.0,0.7412140575079872
Morning Star Online,626.0,15.881789137380192,47.71514229082699,0.0,0.0,0.0,0.0,418.0,0.7891373801916933
Morpeth Herald,626.0,5.485623003194888,16.948032126805934,0.0,0.0,0.0,0.0,139.0,0.8514376996805112
Newbury Today,626.0,9.006389776357828,20.17927548514642,0.0,0.0,1.0,2.0,145.0,0.48881789137380194
Newham Recorder,626.0,8.380191693290735,16.51634411736432,0.0,0.0,0.0,2.0,112.0,0.7332268370607029
Newry Democrat,626.0,3.1118210862619806,6.683971576715349,0.0,0.0,0.0,4.0,30.0,0.6869009584664537
News & Star,626.0,52.47923322683706,89.91948603084383,0.0,0.0,0.0,104.0,363.0,0.6022364217252396
News Guardian,626.0,2.4936102236421727,17.888117818972216,0.0,0.0,0.0,0.0,203.0,0.9712460063897763
News Post Leader,626.0,19.261980830670925,29.87903706999327,0.0,0.0,0.0,32.75,172.0,0.5191693290734825
News Shopper,626.0,16.268370607028753,41.07306492070966,0.0,0.0,0.0,0.0,234.0,0.8354632587859425
News Wales,626.0,4.293929712460064,15.417492243962757,0.0,0.0,0.0,0.0,118.0,0.8865814696485623
NewsNet Scotland,626.0,7.913738019169329,20.18297666264459,0.0,0.0,0.0,0.0,144.0,0.7811501597444089
North Tyneside Today,626.0,3.4185303514377,18.289334380361613,0.0,0.0,0.0,0.0,158.0,0.9376996805111821
North Wales Chronicle,626.0,7.785942492012779,39.03154245056538,0.0,0.0,0.0,3.75,538.0,0.7092651757188498
North-West Evening Mail,626.0,14.813099041533546,28.566753615708155,0.0,0.0,0.0,10.0,109.0,0.7332268370607029
Northampton Chronicle & Echo,626.0,31.710862619808307,79.61733144117993,0.0,0.0,0.0,8.5,469.0,0.7268370607028753
Northamptonshire Evening Telegraph,626.0,5.3370607028754,20.965414575121315,0.0,0.0,0.0,0.0,171.0,0.8961661341853036
Northern Ireland Executive,626.0,8.993610223642172,22.26365556474119,0.0,0.0,0.0,0.0,153.0,0.7987220447284346
Northumberland Gazette,626.0,8.3370607028754,26.950024272840814,0.0,0.0,0.0,0.0,169.0,0.8482428115015974
Norwich Evening News 24,626.0,52.99361022364217,76.42139987664078,0.0,0.0,0.0,112.75,377.0,0.5575079872204473
Nottingham Post,626.0,36.74121405750799,130.08929903217907,0.0,0.0,0.0,0.0,1085.0,0.8865814696485623
Ongar Guardian,626.0,4.76038338658147,18.55112104463716,0.0,0.0,0.0,0.0,128.0,0.9313099041533547
Open Democracy,626.0,1.6469648562300319,8.476695510230558,0.0,0.0,0.0,0.0,68.0,0.9345047923322684
Ormskirk Advertiser,626.0,11.97444089456869,30.676468924680705,0.0,0.0,0.0,10.0,260.0,0.6198083067092651
Oxford Mail,626.0,75.45047923322684,203.62083573094867,0.0,0.0,0.0,1.0,1163.0,0.7412140575079872
PR Newswire,626.0,8.950479233226837,41.02973487325952,0.0,0.0,0.0,0.0,343.0,0.9217252396166135
Paisley Daily Express,626.0,30.143769968051117,68.73365476332974,0.0,0.0,0.0,2.0,352.0,0.7460063897763578
Pendle Today,626.0,17.217252396166135,66.00364176224365,0.0,0.0,0.0,0.0,378.0,0.8849840255591054
Peterborough Evening Telegraph,626.0,33.38019169329073,84.87581058819525,0.0,0.0,0.0,0.0,477.0,0.8194888178913738
Petersfield Post,626.0,8.55111821086262,48.326636369062605,0.0,0.0,0.0,0.0,379.0,0.8865814696485623
Plymouth Herald,626.0,5.3514376996805115,40.05813143332715,0.0,0.0,0.0,0.0,393.0,0.9488817891373802
Preston Citizen,626.0,4.276357827476039,11.910008570666717,0.0,0.0,0.0,2.0,84.0,0.6517571884984026
Reading Post,626.0,28.94888178913738,53.755719535204854,0.0,0.0,0.0,35.0,247.0,0.6741214057507987
Redhill and Reigate Life,626.0,5.126198083067092,11.853575349332383,0.0,0.0,0.0,0.0,82.0,0.7667731629392971
Retford Guardian,626.0,7.094249201277956,19.426474278041276,0.0,0.0,0.0,0.0,114.0,0.7939297124600639
Reuters AlertNet,626.0,146.07667731629394,209.45768572955757,0.0,0.0,1.0,253.75,839.0,0.48881789137380194
Richmond and Twickenham Times,626.0,9.09744408945687,30.376018327899214,0.0,0.0,0.0,0.0,346.0,0.8450479233226837
Ripley & Heanor News,626.0,5.301916932907348,16.566758896039044,0.0,0.0,0.0,0.0,105.0,0.865814696485623
Rochdale Observer,626.0,3.0686900958466454,8.458467598886086,0.0,0.0,0.0,0.0,47.0,0.8402555910543131
Romsey Advertiser,626.0,3.5814696485623,10.071293465919725,0.0,0.0,0.0,0.0,86.0,0.7635782747603834
Royston Crow,626.0,9.359424920127795,17.92134501171031,0.0,0.0,0.0,7.0,88.0,0.7204472843450479
Rutland News,626.0,2.142172523961661,46.700412788674456,0.0,0.0,0.0,0.0,1168.0,0.9361022364217252
Rutland Times,626.0,13.678913738019169,37.22056338448072,0.0,0.0,0.0,0.0,242.0,0.8115015974440895
Saffron Walden Reporter,626.0,6.261980830670926,12.414381024845014,0.0,0.0,0.0,3.75,78.0,0.7284345047923323
Sale & Altrincham Messenger,626.0,8.955271565495208,19.440853792108364,0.0,0.0,0.0,0.0,112.0,0.7763578274760383
Scotsman,626.0,74.73162939297124,281.52909025885907,0.0,0.0,0.0,0.0,1360.0,0.9185303514376997
Scunthorpe Telegraph,626.0,14.686900958466454,52.24748235217248,0.0,0.0,0.0,0.0,423.0,0.8833865814696485
Sheffield Today,626.0,21.883386581469647,69.82277550737092,0.0,0.0,0.0,0.0,430.0,0.8753993610223643
Skegness Today,626.0,6.65814696485623,36.39944710460266,0.0,0.0,0.0,0.0,274.0,0.9281150159744409
SkyNews,626.0,38.09584664536741,94.38723853743177,0.0,0.0,0.0,4.0,620.0,0.6246006389776357
Slough & South Bucks Observer,626.0,4.015974440894569,12.26323547881821,0.0,0.0,0.0,0.0,67.0,0.8865814696485623
Somerset County Gazette,626.0,8.011182108626198,25.493118184333262,0.0,0.0,0.0,0.0,181.0,0.889776357827476
South London Press,626.0,12.536741214057509,40.56448998722063,0.0,0.0,0.0,0.0,180.0,0.9089456869009584
South Wales Argus,626.0,5.907348242811501,21.356053050995467,0.0,0.0,0.0,0.0,156.0,0.9169329073482428
South Wales Evening Post,626.0,19.14856230031949,89.5954211660937,0.0,0.0,0.0,0.0,773.0,0.9265175718849841
Southern Daily Echo,626.0,109.35782747603834,163.53538013112816,0.0,0.0,31.0,146.0,869.0,0.38817891373801916
Spalding Guardian,626.0,6.913738019169329,28.572135848845047,0.0,0.0,0.0,0.0,270.0,0.9073482428115016
Spalding Today,626.0,14.340255591054314,38.79262869276287,0.0,0.0,0.0,0.0,265.0,0.768370607028754
St Albans Observer,626.0,3.3274760383386583,12.972948310211711,0.0,0.0,0.0,0.0,87.0,0.9329073482428115
Stamford Mercury,626.0,2.5303514376996805,13.713405022688345,0.0,0.0,0.0,0.0,123.0,0.9552715654952076
Streatham Guardian,626.0,6.905750798722044,25.834223481177045,0.0,0.0,0.0,0.0,261.0,0.8498402555910544
Sunderland Echo,626.0,16.476038338658146,52.029193967619065,0.0,0.0,0.0,0.0,252.0,0.8817891373801917
Surrey Advertiser,626.0,7.966453674121405,26.935190232174907,0.0,0.0,0.0,0.0,139.0,0.7699680511182109
Sutton Guardian,626.0,11.99041533546326,27.816080025539552,0.0,0.0,0.0,0.0,247.0,0.7539936102236422
Telegraph UK,626.0,2.3466453674121404,22.994113262494697,0.0,0.0,0.0,0.0,329.0,0.9840255591054313
The Bath Chronicle,626.0,16.69488817891374,55.221716360753184,0.0,0.0,0.0,0.0,377.0,0.8801916932907349
The Berwickshire News,626.0,25.971246006389777,100.36430825689472,0.0,0.0,0.0,14.0,1029.0,0.6246006389776357
The Courier & Advertiser,626.0,4.226837060702875,18.762080444870936,0.0,0.0,0.0,0.0,137.0,0.9361022364217252
The Cumberland News,626.0,15.870607028753994,30.843567087334865,0.0,0.0,0.0,22.75,136.0,0.6821086261980831
The Daily Mail,626.0,329.46964856230034,565.9439236155083,0.0,0.0,0.0,774.75,3853.0,0.6357827476038339
The Daily Star,626.0,33.89776357827476,132.6724656098258,0.0,0.0,0.0,0.0,1122.0,0.8706070287539937
The Daily Telegraph,626.0,557.2124600638978,751.479280079297,0.0,0.0,247.0,813.0,4263.0,0.3961661341853035
The Guardian,626.0,121.27635782747603,275.27865501007045,0.0,0.0,2.0,60.5,1341.0,0.39456869009584666
The Guardian Europe,626.0,27.573482428115017,125.61191739517906,0.0,0.0,0.0,0.0,1046.0,0.8514376996805112
The Herald (Scotland),626.0,60.825878594249204,150.36648573810203,0.0,0.0,0.0,0.0,969.0,0.7619808306709265
The Huddersfield Daily Examiner,626.0,30.455271565495206,70.63432873727997,0.0,0.0,0.0,0.0,331.0,0.7795527156549521
The Independent UK,626.0,206.33865814696486,379.1294580049888,0.0,0.0,0.0,309.5,1555.0,0.6741214057507987
The Northern Echo,626.0,13.733226837060704,65.75406845367715,0.0,0.0,0.0,0.0,579.0,0.9440894568690096
The Pig Site - UK,626.0,1.7236421725239617,9.873859638123008,0.0,0.0,0.0,0.0,70.0,0.9680511182108626
The Press (York),626.0,22.702875399361023,73.42325228235842,0.0,0.0,0.0,2.0,424.0,0.7172523961661342
The Press and Journal,626.0,7.924920127795527,20.2118171868244,0.0,0.0,0.0,0.0,96.0,0.8338658146964856
The Reading Chronicle,626.0,11.966453674121405,34.40795944027269,0.0,0.0,0.0,0.0,165.0,0.8242811501597445
The Scotsman,626.0,41.126198083067095,148.68645684312443,0.0,0.0,0.0,0.0,1007.0,0.8913738019169329
This Is Exeter,626.0,23.861022364217252,80.20181453254719,0.0,0.0,0.0,0.0,542.0,0.8833865814696485
This Is Gloucestershire,626.0,46.14376996805112,151.85279746229438,0.0,0.0,0.0,0.0,926.0,0.8753993610223643
This is Cheshire,626.0,7.674121405750799,23.860780230890125,0.0,0.0,0.0,0.0,122.0,0.8833865814696485
Times & Star,626.0,2.4808306709265175,5.78747198255696,0.0,0.0,0.0,0.0,36.0,0.8019169329073482
Tyrone Times,626.0,5.878594249201278,22.365357968534795,0.0,0.0,0.0,0.0,205.0,0.9009584664536742
UK Uncut on Twitter,626.0,3.9808306709265175,23.95495005106214,0.0,0.0,0.0,0.0,235.0,0.9664536741214057
Wandsworth Guardian,626.0,13.814696485623003,69.24540134671567,0.0,0.0,0.0,0.0,600.0,0.9456869009584664
West Sussex County Times,626.0,6.514376996805112,24.081673383950005,0.0,0.0,0.0,0.0,216.0,0.8801916932907349
Western Mail,626.0,120.93290734824281,233.20675524386897,0.0,0.0,0.0,111.0,830.0,0.6853035143769968
Wharf,626.0,8.188498402555911,12.062355139092759,0.0,0.0,0.0,13.0,63.0,0.5431309904153354
Wiltshire News / This Is Wiltshire,626.0,26.416932907348244,74.60655392670199,0.0,0.0,0.0,0.0,472.0,0.8434504792332268
Wirral Globe,626.0,3.939297124600639,13.026354411928754,0.0,0.0,0.0,0.0,72.0,0.8913738019169329
Wisbech Standard,626.0,8.156549520766774,21.673897965874612,0.0,0.0,0.0,0.0,188.0,0.7971246006389776
Wokingham Times,626.0,17.455271565495206,36.98067057485754,0.0,0.0,0.0,12.0,164.0,0.6214057507987221
Worcester News,626.0,15.910543130990416,48.55204202363209,0.0,0.0,0.0,0.0,306.0,0.8706070287539937
Worksop Guardian,626.0,6.1501597444089455,25.011353741339974,0.0,0.0,0.0,0.0,267.0,0.9089456869009584
World Nuclear News,626.0,1.6629392971246006,4.316272501442566,0.0,0.0,0.0,0.0,28.0,0.8402555910543131
Worthing Herald,626.0,4.945686900958466,13.129274365608032,0.0,0.0,0.0,0.0,68.0,0.8194888178913738
Yorkshire Evening Post,626.0,31.65335463258786,120.84804195653497,0.0,0.0,0.0,0.0,793.0,0.902555910543131
Yorkshire Post,626.0,1.6166134185303513,12.674761518573659,0.0,0.0,0.0,0.0,180.0,0.9792332268370607
Your Local Guardian,626.0,14.62779552715655,33.2450844813564,0.0,0.0,0.0,2.0,240.0,0.6693290734824281
enfieldindependent.co.uk,626.0,9.02555910543131,27.662699537227034,0.0,0.0,0.0,0.0,158.0,0.7587859424920128
